
INSERT INTO customer (id, firstname, lastname, address, tel, description, created_by, created_time, updated_by, updated_time) VALUES (1, 'วิโรจน์-มาลี', 'หนูเหมือน', NULL, '0831714805', NULL, 1, 1446171911402, NULL, NULL);
INSERT INTO customer (id, firstname, lastname, address, tel, description, created_by, created_time, updated_by, updated_time) VALUES (2, 'เสน่ห์', 'ช่วยรอด', NULL, '0805454978', NULL, 1, 1446172025755, NULL, NULL);
INSERT INTO customer (id, firstname, lastname, address, tel, description, created_by, created_time, updated_by, updated_time) VALUES (3, 'ปรียา', 'พงศ์ทอง', NULL, '0899754161', NULL, 1, 1446172093909, NULL, NULL);
INSERT INTO customer (id, firstname, lastname, address, tel, description, created_by, created_time, updated_by, updated_time) VALUES (4, 'บัณฑิต', 'รักชาติ', NULL, '0950327792', NULL, 1, 1446172254862, NULL, NULL);
INSERT INTO customer (id, firstname, lastname, address, tel, description, created_by, created_time, updated_by, updated_time) VALUES (5, 'ทัศนีย์', 'ปานแดง', NULL, NULL, NULL, 1, 1446172308330, NULL, NULL);
INSERT INTO customer (id, firstname, lastname, address, tel, description, created_by, created_time, updated_by, updated_time) VALUES (6, 'นิพล', 'จันทร์นุ้ย', NULL, NULL, NULL, 1, 1446172337597, NULL, NULL);
INSERT INTO customer (id, firstname, lastname, address, tel, description, created_by, created_time, updated_by, updated_time) VALUES (7, 'จุฑาภรณ์', 'คงชู', NULL, NULL, NULL, 1, 1446172372341, NULL, NULL);
INSERT INTO customer (id, firstname, lastname, address, tel, description, created_by, created_time, updated_by, updated_time) VALUES (8, 'สมคิด', 'พรหมจันทร์', NULL, '0899754161', NULL, 1, 1446172417506, NULL, NULL);
INSERT INTO customer (id, firstname, lastname, address, tel, description, created_by, created_time, updated_by, updated_time) VALUES (9, 'นพา', 'สีแก้ว', NULL, NULL, NULL, 1, 1446172446198, NULL, NULL);
INSERT INTO customer (id, firstname, lastname, address, tel, description, created_by, created_time, updated_by, updated_time) VALUES (10, 'สมใจ', 'คงชู', NULL, NULL, NULL, 1, 1446172461994, NULL, NULL);
INSERT INTO customer (id, firstname, lastname, address, tel, description, created_by, created_time, updated_by, updated_time) VALUES (11, 'สุวิทย์', 'ปานแดง', NULL, NULL, NULL, 1, 1446172480808, NULL, NULL);
INSERT INTO customer (id, firstname, lastname, address, tel, description, created_by, created_time, updated_by, updated_time) VALUES (13, 'นิลวรรณ', 'ฟูเฟื่องสิน', NULL, '0850778600', NULL, 1, 1446172580971, NULL, NULL);
INSERT INTO customer (id, firstname, lastname, address, tel, description, created_by, created_time, updated_by, updated_time) VALUES (14, 'เทวี', 'สุวรรณ', NULL, NULL, NULL, 1, 1446172634444, NULL, NULL);
INSERT INTO customer (id, firstname, lastname, address, tel, description, created_by, created_time, updated_by, updated_time) VALUES (15, 'ฉลองชัย', 'จารุสิริรังษี', NULL, '0812694018', NULL, 1, 1446172695856, NULL, NULL);
INSERT INTO customer (id, firstname, lastname, address, tel, description, created_by, created_time, updated_by, updated_time) VALUES (16, 'ยงยุทธ', 'เิอี่ยมบริบูรณ์', NULL, '0819594598', NULL, 1, 1446173328441, NULL, NULL);
INSERT INTO customer (id, firstname, lastname, address, tel, description, created_by, created_time, updated_by, updated_time) VALUES (17, 'อภินันท์', 'ชลสุวรรณ', NULL, '0896587162', NULL, 1, 1446173372932, NULL, NULL);
INSERT INTO customer (id, firstname, lastname, address, tel, description, created_by, created_time, updated_by, updated_time) VALUES (18, 'สุธีมนต์', 'รัมมะมิตร', NULL, '0817665946', NULL, 1, 1446173420904, NULL, NULL);
INSERT INTO customer (id, firstname, lastname, address, tel, description, created_by, created_time, updated_by, updated_time) VALUES (19, 'กานต์สิรี', 'ศรีสุนาราชวัลลภ', NULL, '0918498266', NULL, 1, 1446173756143, NULL, NULL);
INSERT INTO customer (id, firstname, lastname, address, tel, description, created_by, created_time, updated_by, updated_time) VALUES (21, 'สุวภัทร', 'แก้วประกอบ', NULL, '0815428976', NULL, 1, 1446174370473, NULL, NULL);
INSERT INTO customer (id, firstname, lastname, address, tel, description, created_by, created_time, updated_by, updated_time) VALUES (22, 'ณนน', 'สุวรรณจันทร์', NULL, NULL, NULL, 1, 1446174399489, NULL, NULL);
INSERT INTO customer (id, firstname, lastname, address, tel, description, created_by, created_time, updated_by, updated_time) VALUES (23, 'ณัฐนิชร์', 'นพรัตนวกิจ', NULL, '0898733155', NULL, 1, 1446174464306, NULL, NULL);
INSERT INTO customer (id, firstname, lastname, address, tel, description, created_by, created_time, updated_by, updated_time) VALUES (24, 'ณีรณุช', 'จิรพันธ์ุ', NULL, '0869137125', NULL, 1, 1446174526170, NULL, NULL);
INSERT INTO customer (id, firstname, lastname, address, tel, description, created_by, created_time, updated_by, updated_time) VALUES (25, 'สิรญา', 'ศรีโภคา', NULL, '0815983022', NULL, 1, 1446174633214, NULL, NULL);
INSERT INTO customer (id, firstname, lastname, address, tel, description, created_by, created_time, updated_by, updated_time) VALUES (26, 'ประยุธ', 'ชลสุวรรณ', NULL, '0814784506', NULL, 1, 1446174683329, NULL, NULL);
INSERT INTO customer (id, firstname, lastname, address, tel, description, created_by, created_time, updated_by, updated_time) VALUES (30, 'ประคอง', 'เจนอนุศาสตร์', NULL, '0831839890', NULL, 1, 1446175847732, NULL, NULL);
INSERT INTO customer (id, firstname, lastname, address, tel, description, created_by, created_time, updated_by, updated_time) VALUES (31, 'จุฬาลักษณ์', 'ยางทอง', NULL, '0869657016', NULL, 1, 1446175906564, NULL, NULL);
INSERT INTO customer (id, firstname, lastname, address, tel, description, created_by, created_time, updated_by, updated_time) VALUES (32, 'พีรณัฐ', 'ฟูพงศ์ศิริพันธ์', NULL, '0972511267', NULL, 1, 1446175963702, NULL, NULL);
INSERT INTO customer (id, firstname, lastname, address, tel, description, created_by, created_time, updated_by, updated_time) VALUES (33, 'พรรณิพา - รัชนี', 'มีบุญ', NULL, '.0899753323', NULL, 1, 1446176030610, NULL, NULL);
INSERT INTO customer (id, firstname, lastname, address, tel, description, created_by, created_time, updated_by, updated_time) VALUES (36, 'ชัญญรัช', 'หังสพฤก', NULL, '0897764721', NULL, 1, 1449224713585, NULL, NULL);
INSERT INTO customer (id, firstname, lastname, address, tel, description, created_by, created_time, updated_by, updated_time) VALUES (37, 'สุวัฒชัย', 'หมัดสมัน', NULL, NULL, NULL, 1, 1451547938943, NULL, NULL);


SELECT pg_catalog.setval('customer_id_seq', 37, true);


INSERT INTO land (id, name, address, description, rai, yarn, tarangwa, created_by, created_time, updated_by, updated_time) VALUES (1, 'บีพี พร็อพเพอร์ตี้', 'ต.ท่าช้าง อ.บางกล่ำ จ.สงขลา', NULL, 42, 3, 61, 1, 1446170302937, NULL, NULL);



INSERT INTO land_buy_detail (id, land_id, customer_id, buy_type, down_payment, buy_price, annual_interest, years_of_installment, rai, yarn, tarangwa, description, created_by, created_time, updated_by, updated_time) VALUES (1, 1, 1, 'C', NULL, 625000, NULL, NULL, 0, 0, 125, NULL, 1, 1446183913864, NULL, NULL);
INSERT INTO land_buy_detail (id, land_id, customer_id, buy_type, down_payment, buy_price, annual_interest, years_of_installment, rai, yarn, tarangwa, description, created_by, created_time, updated_by, updated_time) VALUES (2, 1, 2, 'C', NULL, 725000, NULL, NULL, 0, 0, 145, NULL, 1, 1446185470514, NULL, NULL);
INSERT INTO land_buy_detail (id, land_id, customer_id, buy_type, down_payment, buy_price, annual_interest, years_of_installment, rai, yarn, tarangwa, description, created_by, created_time, updated_by, updated_time) VALUES (3, 1, 3, 'C', NULL, 1110000, NULL, NULL, 0, 0, 222, NULL, 1, 1446185527910, NULL, NULL);
INSERT INTO land_buy_detail (id, land_id, customer_id, buy_type, down_payment, buy_price, annual_interest, years_of_installment, rai, yarn, tarangwa, description, created_by, created_time, updated_by, updated_time) VALUES (4, 1, 4, 'I', 204000, 370000, NULL, NULL, 0, 0, 74, NULL, 1, 1446185636459, NULL, NULL);
INSERT INTO land_buy_detail (id, land_id, customer_id, buy_type, down_payment, buy_price, annual_interest, years_of_installment, rai, yarn, tarangwa, description, created_by, created_time, updated_by, updated_time) VALUES (5, 1, 5, 'I', 30000, 125000, NULL, NULL, 0, 0, 25, NULL, 1, 1446185674942, NULL, NULL);
INSERT INTO land_buy_detail (id, land_id, customer_id, buy_type, down_payment, buy_price, annual_interest, years_of_installment, rai, yarn, tarangwa, description, created_by, created_time, updated_by, updated_time) VALUES (6, 1, 6, 'I', 30000, 125000, NULL, NULL, 0, 0, 25, NULL, 1, 1446185713723, NULL, NULL);
INSERT INTO land_buy_detail (id, land_id, customer_id, buy_type, down_payment, buy_price, annual_interest, years_of_installment, rai, yarn, tarangwa, description, created_by, created_time, updated_by, updated_time) VALUES (7, 1, 7, 'I', 60000, 250000, NULL, NULL, 0, 0, 50, NULL, 1, 1446185760650, NULL, NULL);
INSERT INTO land_buy_detail (id, land_id, customer_id, buy_type, down_payment, buy_price, annual_interest, years_of_installment, rai, yarn, tarangwa, description, created_by, created_time, updated_by, updated_time) VALUES (8, 1, 8, 'C', NULL, 650000, NULL, NULL, 0, 0, 130, NULL, 1, 1446186366220, NULL, NULL);
INSERT INTO land_buy_detail (id, land_id, customer_id, buy_type, down_payment, buy_price, annual_interest, years_of_installment, rai, yarn, tarangwa, description, created_by, created_time, updated_by, updated_time) VALUES (9, 1, 9, 'I', 60000, 250000, NULL, NULL, 0, 0, 50, NULL, 1, 1446186412818, NULL, NULL);
INSERT INTO land_buy_detail (id, land_id, customer_id, buy_type, down_payment, buy_price, annual_interest, years_of_installment, rai, yarn, tarangwa, description, created_by, created_time, updated_by, updated_time) VALUES (10, 1, 10, 'I', 30000, 125000, NULL, NULL, 0, 0, 25, NULL, 1, 1446186449970, NULL, NULL);
INSERT INTO land_buy_detail (id, land_id, customer_id, buy_type, down_payment, buy_price, annual_interest, years_of_installment, rai, yarn, tarangwa, description, created_by, created_time, updated_by, updated_time) VALUES (11, 1, 11, 'I', 30000, 125000, NULL, NULL, 0, 0, 25, NULL, 1, 1446186507338, NULL, NULL);
INSERT INTO land_buy_detail (id, land_id, customer_id, buy_type, down_payment, buy_price, annual_interest, years_of_installment, rai, yarn, tarangwa, description, created_by, created_time, updated_by, updated_time) VALUES (12, 1, 1, 'I', 645000, 790000, NULL, NULL, 0, 0, 158, NULL, 1, 1446186602496, NULL, NULL);
INSERT INTO land_buy_detail (id, land_id, customer_id, buy_type, down_payment, buy_price, annual_interest, years_of_installment, rai, yarn, tarangwa, description, created_by, created_time, updated_by, updated_time) VALUES (13, 1, 13, 'I', 300000, 600000, NULL, NULL, 0, 0, 100, NULL, 1, 1446186645238, NULL, NULL);
INSERT INTO land_buy_detail (id, land_id, customer_id, buy_type, down_payment, buy_price, annual_interest, years_of_installment, rai, yarn, tarangwa, description, created_by, created_time, updated_by, updated_time) VALUES (14, 1, 14, 'C', NULL, 500000, NULL, NULL, 0, 0, 100, NULL, 1, 1446186707078, 1, 1446186711511);
INSERT INTO land_buy_detail (id, land_id, customer_id, buy_type, down_payment, buy_price, annual_interest, years_of_installment, rai, yarn, tarangwa, description, created_by, created_time, updated_by, updated_time) VALUES (16, 1, 16, 'I', 50000, 250000, NULL, NULL, 0, 0, 50, NULL, 1, 1446186847825, NULL, NULL);
INSERT INTO land_buy_detail (id, land_id, customer_id, buy_type, down_payment, buy_price, annual_interest, years_of_installment, rai, yarn, tarangwa, description, created_by, created_time, updated_by, updated_time) VALUES (18, 1, 18, 'C', NULL, 2390000, NULL, NULL, 0, 3, 70, NULL, 1, 1446188280978, NULL, NULL);
INSERT INTO land_buy_detail (id, land_id, customer_id, buy_type, down_payment, buy_price, annual_interest, years_of_installment, rai, yarn, tarangwa, description, created_by, created_time, updated_by, updated_time) VALUES (19, 1, 19, 'I', 50000, 300000, NULL, NULL, 0, 0, 50, NULL, 1, 1446188334274, NULL, NULL);
INSERT INTO land_buy_detail (id, land_id, customer_id, buy_type, down_payment, buy_price, annual_interest, years_of_installment, rai, yarn, tarangwa, description, created_by, created_time, updated_by, updated_time) VALUES (20, 1, 21, 'I', 200000, 500000, NULL, NULL, 0, 0, 100, NULL, 1, 1446188397497, NULL, NULL);
INSERT INTO land_buy_detail (id, land_id, customer_id, buy_type, down_payment, buy_price, annual_interest, years_of_installment, rai, yarn, tarangwa, description, created_by, created_time, updated_by, updated_time) VALUES (21, 1, 22, 'I', 55000, 250000, NULL, NULL, 0, 0, 50, NULL, 1, 1446188456817, NULL, NULL);
INSERT INTO land_buy_detail (id, land_id, customer_id, buy_type, down_payment, buy_price, annual_interest, years_of_installment, rai, yarn, tarangwa, description, created_by, created_time, updated_by, updated_time) VALUES (22, 1, 23, 'C', NULL, 250000, NULL, NULL, 0, 0, 50, NULL, 1, 1446188496453, NULL, NULL);
INSERT INTO land_buy_detail (id, land_id, customer_id, buy_type, down_payment, buy_price, annual_interest, years_of_installment, rai, yarn, tarangwa, description, created_by, created_time, updated_by, updated_time) VALUES (23, 1, 24, 'C', NULL, 500000, NULL, NULL, 0, 0, 100, NULL, 1, 1446188541154, NULL, NULL);
INSERT INTO land_buy_detail (id, land_id, customer_id, buy_type, down_payment, buy_price, annual_interest, years_of_installment, rai, yarn, tarangwa, description, created_by, created_time, updated_by, updated_time) VALUES (24, 1, 25, 'I', NULL, 2460000, NULL, NULL, 0, 2, 5, NULL, 1, 1446188620341, NULL, NULL);
INSERT INTO land_buy_detail (id, land_id, customer_id, buy_type, down_payment, buy_price, annual_interest, years_of_installment, rai, yarn, tarangwa, description, created_by, created_time, updated_by, updated_time) VALUES (25, 1, 26, 'I', 788000, 1260000, NULL, NULL, 0, 1, 80, NULL, 1, 1446188789628, NULL, NULL);
INSERT INTO land_buy_detail (id, land_id, customer_id, buy_type, down_payment, buy_price, annual_interest, years_of_installment, rai, yarn, tarangwa, description, created_by, created_time, updated_by, updated_time) VALUES (26, 1, 30, 'I', 100000, 500000, NULL, NULL, 0, 0, 100, NULL, 1, 1446188934124, NULL, NULL);
INSERT INTO land_buy_detail (id, land_id, customer_id, buy_type, down_payment, buy_price, annual_interest, years_of_installment, rai, yarn, tarangwa, description, created_by, created_time, updated_by, updated_time) VALUES (27, 1, 31, 'C', NULL, 750000, NULL, NULL, 0, 1, 50, NULL, 1, 1446189027856, NULL, NULL);
INSERT INTO land_buy_detail (id, land_id, customer_id, buy_type, down_payment, buy_price, annual_interest, years_of_installment, rai, yarn, tarangwa, description, created_by, created_time, updated_by, updated_time) VALUES (28, 1, 32, 'I', 52000, 250000, NULL, NULL, 0, 0, 50, NULL, 1, 1446189172568, NULL, NULL);
INSERT INTO land_buy_detail (id, land_id, customer_id, buy_type, down_payment, buy_price, annual_interest, years_of_installment, rai, yarn, tarangwa, description, created_by, created_time, updated_by, updated_time) VALUES (29, 1, 33, 'I', 97000, 250000, NULL, NULL, 0, 0, 50, NULL, 1, 1446189342805, NULL, NULL);
INSERT INTO land_buy_detail (id, land_id, customer_id, buy_type, down_payment, buy_price, annual_interest, years_of_installment, rai, yarn, tarangwa, description, created_by, created_time, updated_by, updated_time) VALUES (30, 1, 21, 'I', 25000, 250000, NULL, NULL, 0, 0, 50, NULL, 1, 1446194664429, NULL, NULL);
INSERT INTO land_buy_detail (id, land_id, customer_id, buy_type, down_payment, buy_price, annual_interest, years_of_installment, rai, yarn, tarangwa, description, created_by, created_time, updated_by, updated_time) VALUES (31, 1, 14, 'I', 25000, 250000, NULL, NULL, 0, 0, 50, NULL, 1, 1446194882499, NULL, NULL);
INSERT INTO land_buy_detail (id, land_id, customer_id, buy_type, down_payment, buy_price, annual_interest, years_of_installment, rai, yarn, tarangwa, description, created_by, created_time, updated_by, updated_time) VALUES (32, 1, 14, 'I', 175000, 250000, NULL, NULL, 0, 0, 50, NULL, 1, 1446194973407, NULL, NULL);
INSERT INTO land_buy_detail (id, land_id, customer_id, buy_type, down_payment, buy_price, annual_interest, years_of_installment, rai, yarn, tarangwa, description, created_by, created_time, updated_by, updated_time) VALUES (33, 1, 15, 'C', NULL, 250000, NULL, NULL, 0, 0, 50, NULL, 1, 1448347486422, 1, 1448347501857);
INSERT INTO land_buy_detail (id, land_id, customer_id, buy_type, down_payment, buy_price, annual_interest, years_of_installment, rai, yarn, tarangwa, description, created_by, created_time, updated_by, updated_time) VALUES (34, 1, 36, 'I', 100000, 530000, NULL, NULL, 0, 0, 100, NULL, 1, 1449224942184, 1, 1449224948440);
INSERT INTO land_buy_detail (id, land_id, customer_id, buy_type, down_payment, buy_price, annual_interest, years_of_installment, rai, yarn, tarangwa, description, created_by, created_time, updated_by, updated_time) VALUES (17, 1, 17, 'I', 1297000, 1470000, NULL, NULL, 0, 0, 210, NULL, 1, 1446186965091, 1, 1451544520237);
INSERT INTO land_buy_detail (id, land_id, customer_id, buy_type, down_payment, buy_price, annual_interest, years_of_installment, rai, yarn, tarangwa, description, created_by, created_time, updated_by, updated_time) VALUES (35, 1, 37, 'I', NULL, 742000, NULL, NULL, 0, 0, 106, NULL, 1, 1451548015947, 1, 1451548018168);
INSERT INTO land_buy_detail (id, land_id, customer_id, buy_type, down_payment, buy_price, annual_interest, years_of_installment, rai, yarn, tarangwa, description, created_by, created_time, updated_by, updated_time) VALUES (36, 1, 36, 'I', NULL, 250000, NULL, NULL, 0, 0, 50, NULL, 1, 1451548211982, NULL, NULL);


SELECT pg_catalog.setval('land_buy_detail_id_seq', 36, true);



SELECT pg_catalog.setval('land_id_seq', 1, true);


INSERT INTO payment (id, buy_detail_id, pay_for, amount, description, created_by, created_time, updated_by, updated_time) VALUES (1, 4, 1441040400000, 204000, NULL, 1, 1451459998800, NULL, NULL);
INSERT INTO payment (id, buy_detail_id, pay_for, amount, description, created_by, created_time, updated_by, updated_time) VALUES (2, 1, NULL, 625000, NULL, 1, 1451485939661, NULL, NULL);
INSERT INTO payment (id, buy_detail_id, pay_for, amount, description, created_by, created_time, updated_by, updated_time) VALUES (3, 2, NULL, 725000, NULL, 1, 1451485995058, NULL, NULL);
INSERT INTO payment (id, buy_detail_id, pay_for, amount, description, created_by, created_time, updated_by, updated_time) VALUES (4, 3, NULL, 1110000, NULL, 1, 1451486038852, 1, 1451486064350);
INSERT INTO payment (id, buy_detail_id, pay_for, amount, description, created_by, created_time, updated_by, updated_time) VALUES (5, 5, 1427821200000, 30000, NULL, 1, 1451486123318, NULL, NULL);
INSERT INTO payment (id, buy_detail_id, pay_for, amount, description, created_by, created_time, updated_by, updated_time) VALUES (6, 5, 1448902800000, 95000, NULL, 1, 1451486142522, NULL, NULL);
INSERT INTO payment (id, buy_detail_id, pay_for, amount, description, created_by, created_time, updated_by, updated_time) VALUES (7, 6, 1427821200000, 30000, NULL, 1, 1451486202859, NULL, NULL);
INSERT INTO payment (id, buy_detail_id, pay_for, amount, description, created_by, created_time, updated_by, updated_time) VALUES (8, 6, 1448902800000, 95000, NULL, 1, 1451486216995, NULL, NULL);
INSERT INTO payment (id, buy_detail_id, pay_for, amount, description, created_by, created_time, updated_by, updated_time) VALUES (9, 7, 1427821200000, 60000, NULL, 1, 1451486240762, NULL, NULL);
INSERT INTO payment (id, buy_detail_id, pay_for, amount, description, created_by, created_time, updated_by, updated_time) VALUES (10, 7, 1448902800000, 190000, NULL, 1, 1451486250327, NULL, NULL);
INSERT INTO payment (id, buy_detail_id, pay_for, amount, description, created_by, created_time, updated_by, updated_time) VALUES (11, 8, NULL, 650000, NULL, 1, 1451486272875, NULL, NULL);
INSERT INTO payment (id, buy_detail_id, pay_for, amount, description, created_by, created_time, updated_by, updated_time) VALUES (12, 9, 1427821200000, 60000, NULL, 1, 1451486292742, NULL, NULL);
INSERT INTO payment (id, buy_detail_id, pay_for, amount, description, created_by, created_time, updated_by, updated_time) VALUES (13, 9, 1448902800000, 190000, NULL, 1, 1451486300719, NULL, NULL);
INSERT INTO payment (id, buy_detail_id, pay_for, amount, description, created_by, created_time, updated_by, updated_time) VALUES (14, 10, 1427821200000, 30000, NULL, 1, 1451486329148, 1, 1451486349421);
INSERT INTO payment (id, buy_detail_id, pay_for, amount, description, created_by, created_time, updated_by, updated_time) VALUES (15, 10, 1448902800000, 95000, NULL, 1, 1451486357820, NULL, NULL);
INSERT INTO payment (id, buy_detail_id, pay_for, amount, description, created_by, created_time, updated_by, updated_time) VALUES (16, 11, 1427821200000, 30000, NULL, 1, 1451486398438, NULL, NULL);
INSERT INTO payment (id, buy_detail_id, pay_for, amount, description, created_by, created_time, updated_by, updated_time) VALUES (17, 11, 1448902800000, 95000, NULL, 1, 1451486407623, NULL, NULL);
INSERT INTO payment (id, buy_detail_id, pay_for, amount, description, created_by, created_time, updated_by, updated_time) VALUES (18, 12, 1448902800000, 645000, NULL, 1, 1451486491440, NULL, NULL);
INSERT INTO payment (id, buy_detail_id, pay_for, amount, description, created_by, created_time, updated_by, updated_time) VALUES (19, 13, 1441040400000, 300000, NULL, 1, 1451486552842, NULL, NULL);
INSERT INTO payment (id, buy_detail_id, pay_for, amount, description, created_by, created_time, updated_by, updated_time) VALUES (20, 13, 1448902800000, 300000, NULL, 1, 1451486563664, NULL, NULL);
INSERT INTO payment (id, buy_detail_id, pay_for, amount, description, created_by, created_time, updated_by, updated_time) VALUES (21, 14, NULL, 500000, NULL, 1, 1451486643161, NULL, NULL);
INSERT INTO payment (id, buy_detail_id, pay_for, amount, description, created_by, created_time, updated_by, updated_time) VALUES (22, 16, 1441040400000, 73000, NULL, 1, 1451486694467, NULL, NULL);
INSERT INTO payment (id, buy_detail_id, pay_for, amount, description, created_by, created_time, updated_by, updated_time) VALUES (23, 16, 1448902800000, 177000, NULL, 1, 1451486702363, NULL, NULL);
INSERT INTO payment (id, buy_detail_id, pay_for, amount, description, created_by, created_time, updated_by, updated_time) VALUES (24, 17, 1448902800000, 1297000, NULL, 1, 1451544639262, NULL, NULL);
INSERT INTO payment (id, buy_detail_id, pay_for, amount, description, created_by, created_time, updated_by, updated_time) VALUES (25, 26, 1446310800000, 120000, NULL, 1, 1451544854774, NULL, NULL);
INSERT INTO payment (id, buy_detail_id, pay_for, amount, description, created_by, created_time, updated_by, updated_time) VALUES (26, 26, 1448902800000, 10000, NULL, 1, 1451544883889, NULL, NULL);
INSERT INTO payment (id, buy_detail_id, pay_for, amount, description, created_by, created_time, updated_by, updated_time) VALUES (27, 27, NULL, 750000, NULL, 1, 1451545281852, NULL, NULL);
INSERT INTO payment (id, buy_detail_id, pay_for, amount, description, created_by, created_time, updated_by, updated_time) VALUES (28, 25, 1441040400000, 1038000, NULL, 1, 1451545399586, NULL, NULL);
INSERT INTO payment (id, buy_detail_id, pay_for, amount, description, created_by, created_time, updated_by, updated_time) VALUES (29, 25, 1448902800000, 90000, NULL, 1, 1451545410529, NULL, NULL);
INSERT INTO payment (id, buy_detail_id, pay_for, amount, description, created_by, created_time, updated_by, updated_time) VALUES (30, 28, 1446310800000, 52000, NULL, 1, 1451545446390, NULL, NULL);
INSERT INTO payment (id, buy_detail_id, pay_for, amount, description, created_by, created_time, updated_by, updated_time) VALUES (31, 28, 1448902800000, 18000, NULL, 1, 1451545486861, NULL, NULL);
INSERT INTO payment (id, buy_detail_id, pay_for, amount, description, created_by, created_time, updated_by, updated_time) VALUES (32, 29, 1446310800000, 113000, NULL, 1, 1451545586031, 1, 1451545764442);
INSERT INTO payment (id, buy_detail_id, pay_for, amount, description, created_by, created_time, updated_by, updated_time) VALUES (33, 29, 1448902800000, 8000, NULL, 1, 1451545772493, NULL, NULL);
INSERT INTO payment (id, buy_detail_id, pay_for, amount, description, created_by, created_time, updated_by, updated_time) VALUES (34, 30, 1427821200000, 25000, NULL, 1, 1451545851548, NULL, NULL);
INSERT INTO payment (id, buy_detail_id, pay_for, amount, description, created_by, created_time, updated_by, updated_time) VALUES (35, 30, 1448902800000, 225000, NULL, 1, 1451545860756, NULL, NULL);
INSERT INTO payment (id, buy_detail_id, pay_for, amount, description, created_by, created_time, updated_by, updated_time) VALUES (36, 31, 1427821200000, 25000, NULL, 1, 1451545891776, NULL, NULL);
INSERT INTO payment (id, buy_detail_id, pay_for, amount, description, created_by, created_time, updated_by, updated_time) VALUES (37, 31, 1448902800000, 225000, NULL, 1, 1451545901796, NULL, NULL);
INSERT INTO payment (id, buy_detail_id, pay_for, amount, description, created_by, created_time, updated_by, updated_time) VALUES (38, 32, 1427821200000, 25000, NULL, 1, 1451545923366, NULL, NULL);
INSERT INTO payment (id, buy_detail_id, pay_for, amount, description, created_by, created_time, updated_by, updated_time) VALUES (39, 32, 1448902800000, 225000, NULL, 1, 1451545930486, NULL, NULL);
INSERT INTO payment (id, buy_detail_id, pay_for, amount, description, created_by, created_time, updated_by, updated_time) VALUES (40, 33, NULL, 250000, NULL, 1, 1451545959681, NULL, NULL);
INSERT INTO payment (id, buy_detail_id, pay_for, amount, description, created_by, created_time, updated_by, updated_time) VALUES (41, 34, 1427821200000, 100000, NULL, 1, 1451546017611, NULL, NULL);
INSERT INTO payment (id, buy_detail_id, pay_for, amount, description, created_by, created_time, updated_by, updated_time) VALUES (42, 34, 1448902800000, 50000, NULL, 1, 1451546321569, NULL, NULL);
INSERT INTO payment (id, buy_detail_id, pay_for, amount, description, created_by, created_time, updated_by, updated_time) VALUES (43, 35, 1427821200000, 20000, NULL, 1, 1451548038303, NULL, NULL);
INSERT INTO payment (id, buy_detail_id, pay_for, amount, description, created_by, created_time, updated_by, updated_time) VALUES (44, 4, 1451581200000, 80000, NULL, 1, 1451884628570, 1, 1451936101894);
INSERT INTO payment (id, buy_detail_id, pay_for, amount, description, created_by, created_time, updated_by, updated_time) VALUES (45, 28, 1451581200000, 6000, NULL, 1, 1451975392633, NULL, NULL);
INSERT INTO payment (id, buy_detail_id, pay_for, amount, description, created_by, created_time, updated_by, updated_time) VALUES (46, 12, 1451581200000, 30000, NULL, 1, 1452075664648, NULL, NULL);


SELECT pg_catalog.setval('payment_id_seq', 46, true);


INSERT INTO user_login (id, username, password, created_by, created_time, updated_by, updated_time) VALUES (1, 'admin', 'admin', 0, 0, NULL, NULL);


SELECT pg_catalog.setval('user_login_id_seq', 1, true);